CREATE TABLE users
(
    username varchar(15),
    password varchar(100),
    enabled  tinyint(1),
    PRIMARY KEY (username)
);

CREATE TABLE authorities
(
    username  varchar(15),
    authority varchar(25),
    FOREIGN KEY (username) references users (username)
);



INSERT INTO users (username, password, enabled)
VALUES ('vitaliy', '{noop}vitaliy', 1),
       ('elena', '{noop}elena', 1),
       ('eva', '{noop}eva', 1),
       ('oleg', '{noop}oleg', 1),
       ('adam', '{noop}adam', 1),
       ('egor', '{noop}egor', 1),
       ('rita', '{noop}rita', 1),
       ('mila', '{noop}mila', 1),
       ('isa', '{noop}isa', 1),
       ('alex', '{noop}alex', 1),
       ('ivan', '{noop}ivan', 1);



INSERT INTO authorities (username, authority)
VALUES ('vitaliy', 'ROLE_EMPLOYEE'),
       ('elena', 'ROLE_EMPLOYEE'),
       ('eva', 'ROLE_EMPLOYEE'),
       ('oleg', 'ROLE_EMPLOYEE'),
       ('adam', 'ROLE_EMPLOYEE'),
       ('egor', 'ROLE_EMPLOYEE'),
       ('rita', 'ROLE_EMPLOYEE'),
       ('mila', 'ROLE_EMPLOYEE'),
       ('isa', 'ROLE_EMPLOYEE'),
       ('alex', 'ROLE_EMPLOYEE'),

       ('ivan', 'ROLE_ADMIN');


 CREATE TABLE if not exists restaurant
 (
     id     int NOT NULL AUTO_INCREMENT,
     date   date,
     name   varchar(45),
     adress varchar(45),
     PRIMARY KEY (id)

 );


 CREATE TABLE if not exists meal
 (
     id            int NOT NULL AUTO_INCREMENT,
     name          varchar(45),
     price         int,
    restaurant_id int,
   UNIQUE (restaurant_id, name),
     PRIMARY KEY (id),
     FOREIGN KEY (restaurant_id) REFERENCES restaurant (id) ON DELETE CASCADE

 );

 CREATE TABLE if not exists choise
 (
     id            int NOT NULL AUTO_INCREMENT,
     time          time,
     date          date,
     restaurant_id int,
     user_name     varchar(45),
     rest_name     varchar(45),
     rest_adress   varchar(45),
     UNIQUE (date, user_name),
     PRIMARY KEY (id),
     FOREIGN KEY (restaurant_id) REFERENCES restaurant (id) ON UPDATE CASCADE
 );

INSERT INTO restaurant (name, adress, date)
VALUES ('Марк и Лев', 'ул.Ленина 25', CURRENT_DATE),
       ('Кардамон', 'ул.Мира 28', CURRENT_DATE),
       ('РесторанЪ', 'ул.Хохрякова 97', CURRENT_DATE),
       ('Гастрономика', 'ул.Декабристов 11', CURRENT_DATE),
       ('Curry House', 'ул.Знаменского 46', CURRENT_DATE),

       ('Марк и Лев', 'ул.Ленина 25', '2021-05-02'),
       ('Кардамон', 'ул.Мира 28', '2021-05-02'),
       ('РесторанЪ', 'ул.Хохрякова 97', '2021-05-02'),
       ('Гастрономика', 'ул.Декабристов 11', '2021-05-02'),
       ('Curry House', 'ул.Знаменского 46', '2021-05-02'),

       ('Марк и Лев', 'ул.Ленина 25', '2021-05-01'),
       ('Кардамон', 'ул.Мира 28', '2021-05-01'),
       ('РесторанЪ', 'ул.Хохрякова 97', '2021-05-01'),
       ('Гастрономика', 'ул.Декабристов 11', '2021-05-01'),
       ('Curry House', 'ул.Знаменского 46', '2021-05-01'),

       ('Марк и Лев', 'ул.Ленина 25', '2021-04-30'),
       ('Кардамон', 'ул.Мира 28', '2021-04-30'),
       ('РесторанЪ', 'ул.Хохрякова 97', '2021-04-30'),
       ('Гастрономика', 'ул.Декабристов 11', '2021-04-30'),
       ('Curry House', 'ул.Знаменского 46', '2021-04-30'),


       ('Марк и Лев', 'ул.Ленина 25', '2021-04-29'),
       ('Кардамон', 'ул.Мира 28', '2021-04-29'),
       ('РесторанЪ', 'ул.Хохрякова 97', '2021-04-29'),
       ('Гастрономика', 'ул.Декабристов 11', '2021-04-29'),
       ('Curry House', 'ул.Знаменского 46', '2021-04-29');

INSERT INTO meal (name, price, restaurant_id)
VALUES ('Борщ', '1', 1),
       ('Уха', '1', 1),
       ('Борщ', '1', 2),
       ('Рассольник', '1', 2),
       ('Куриный суп', '1', 2),
       ('Лагман', '1', 3),
       ('Шурпа', '1', 3),
       ('Грибной суп', '1', 4),
       ('Овощной суп', '1', 4),
       ('Солянка', '1', 5),
       ('Молочный суп', '1', 5),
       ('Котлеты', '1', 1),
       ('Тефтели', '1', 1),
       ('Горбуша под шубой', '1', 2),
       ('Сосиски', '1', 2),
       ('Пельмени', '1', 3),
       ('Жареный лагман', '1', 3),
       ('Плов', '1', 3),
       ('Жаркое', '1', 4),
       ('Рагу овощное', '1', 4),
       ('Жареные окорочка', '1', 5),
       ('Котлеты', '1', 5),
       ('салат Цезарь', '1', 1),
       ('салат Летний', '1', 4),
       ('салат Морковный', '1', 4),
       ('салат Греческий', '1', 5),
       ('салат Свекольный', '1', 5),

       ('Борщ', '90', 7),
       ('Уха', '80', 7),
       ('Борщ', '100', 8),
       ('Рассольник', '110', 8),
       ('Куриный суп', '80', 8),
       ('Лагман', '140', 9),
       ('Шурпа', '160', 9),
       ('Грибной суп', '100', 10),
       ('Овощной суп', '80', 10),
       ('Солянка', '130', 6),
       ('Молочный суп', '60', 6),
       ('Котлеты', '70', 7),
       ('Тефтели', '60', 7),
       ('Горбуша под шубой', '140', 8),
       ('Сосиски', '80', 8),
       ('Пельмени', '90', 9),
       ('Жареный лагман', '160', 9),
       ('Плов', '150', 9),
       ('Жаркое', '80', 10),
       ('Рагу овощное', '100', 10),
       ('Жареные окорочка', '80', 6),
       ('Котлеты', '90', 6),
       ('салат Цезарь', '50', 7),
       ('салат Летний', '50', 10),
       ('салат Морковный', '50', 10),
       ('салат Греческий', '80', 6),
       ('салат Свекольный', '40', 6),

       ('Борщ', '90', 12),
       ('Уха', '80', 12),
       ('Борщ', '100', 13),
       ('Рассольник', '110', 13),
       ('Куриный суп', '80', 13),
       ('Лагман', '140', 14),
       ('Шурпа', '160', 14),
       ('Грибной суп', '100', 15),
       ('Овощной суп', '80', 15),
       ('Солянка', '130', 11),
       ('Молочный суп', '60', 11),
       ('Котлеты', '70', 12),
       ('Тефтели', '60', 12),
       ('Горбуша под шубой', '140', 13),
       ('Сосиски', '80', 13),
       ('Пельмени', '90', 14),
       ('Жареный лагман', '160', 14),
       ('Плов', '150', 14),
       ('Жаркое', '80', 15),
       ('Рагу овощное', '100', 15),
       ('Жареные окорочка', '80', 11),
       ('Котлеты', '90', 11),
       ('салат Цезарь', '50', 12),
       ('салат Летний', '50', 15),
       ('салат Морковный', '50', 15),
       ('салат Греческий', '80', 11),
       ('салат Свекольный', '40', 11),

       ('Борщ', '90', 18),
       ('Уха', '80', 19),
       ('Борщ', '100', 16),
       ('Рассольник', '110', 18),
       ('Куриный суп', '80', 17),
       ('Лагман', '140', 19),
       ('Шурпа', '160', 19),
       ('Грибной суп', '100', 17),
       ('Овощной суп', '80', 16),
       ('Солянка', '130', 20),
       ('Молочный суп', '60', 19),
       ('Котлеты', '70', 18),
       ('Тефтели', '60', 18),
       ('Горбуша под шубой', '140', 17),
       ('Сосиски', '80', 16),
       ('Пельмени', '90', 16),
       ('Жареный лагман', '160', 18),
       ('Плов', '150', 17),
       ('Жаркое', '80', 19),
       ('Рагу овощное', '100', 19),
       ('Жареные окорочка', '80', 20),
       ('Котлеты', '90', 20),
       ('салат Цезарь', '50', 19),
       ('салат Летний', '50', 18),
       ('салат Морковный', '50', 17),
       ('салат Греческий', '80', 16),
       ('салат Свекольный', '40', 15),

       ('Борщ', '90', 22),
       ('Уха', '80', 22),
       ('Борщ', '100', 23),
       ('Рассольник', '110', 23),
       ('Куриный суп', '80', 23),
       ('Лагман', '140', 24),
       ('Шурпа', '160', 24),
       ('Грибной суп', '100', 25),
       ('Овощной суп', '80', 25),
       ('Солянка', '130', 21),
       ('Молочный суп', '60', 21),
       ('Котлеты', '70', 22),
       ('Тефтели', '60', 22),
       ('Горбуша под шубой', '140', 23),
       ('Сосиски', '80', 23),
       ('Пельмени', '90', 24),
       ('Жареный лагман', '160', 24),
       ('Плов', '150', 24),
       ('Жаркое', '80', 25),
       ('Рагу овощное', '100', 25),
       ('Жареные окорочка', '80', 21),
       ('Котлеты', '90', 21),
       ('салат Цезарь', '50', 22),
       ('салат Летний', '50', 25),
       ('салат Морковный', '50', 25),
       ('салат Греческий', '80', 21),
       ('салат Свекольный', '40', 21);



INSERT INTO choise (restaurant_id, user_name, rest_name, rest_adress, time, date)
VALUES (1, 'rita', 'Марк и Лев', 'ул.Ленина 25', CURRENT_TIME, CURRENT_DATE),
       (2, 'egor', 'Кардамон', 'ул.Мира 28', CURRENT_TIME, CURRENT_DATE),
       (4, 'isa', 'Гастрономика', 'ул.Декабристов 11', CURRENT_TIME, CURRENT_DATE),
       (2, 'mila', 'Кардамон', 'ул.Мира 28', CURRENT_TIME, CURRENT_DATE),
       (4, 'adam', 'Гастрономика', 'ул.Декабристов 11', CURRENT_TIME, CURRENT_DATE),
       (4, 'eva', 'Гастрономика', 'ул.Декабристов 11', CURRENT_TIME, CURRENT_DATE),
       (2, 'vitaliy', 'Кардамон', 'ул.Мира 28', CURRENT_TIME, CURRENT_DATE),

       (8, 'elena', 'Кардамон', 'ул.Мира 28', '10:00', '2021-05-02'),
       (7, 'rita', 'Марк и Лев', 'ул.Ленина 25', '10:00', '2021-05-02'),
       (6, 'alex', 'Curry House', 'ул.Знаменского 46', '10:00', '2021-05-02'),
       (9, 'egor', 'Кардамон', 'ул.Мира 28', '10:00', '2021-05-02'),
       (10, 'isa', 'Гастрономика', 'ул.Декабристов 11', '10:00', '2021-05-02'),
       (10, 'mila', 'Кардамон', 'ул.Мира 28', '10:00', '2021-05-02'),
       (10, 'adam', 'Гастрономика', 'ул.Декабристов 11', '10:00', '2021-05-02'),
       (9, 'eva', 'Гастрономика', 'ул.Декабристов 11', '10:00', '2021-05-02'),
       (8, 'vitaliy', 'Кардамон', 'ул.Мира 28', '10:00', '2021-05-02'),

       (11, 'elena', 'Кардамон', 'ул.Мира 28', '10:00', '2021-05-01'),
       (13, 'rita', 'Марк и Лев', 'ул.Ленина 25', '10:00', '2021-05-01'),
       (14, 'alex', 'Curry House', 'ул.Знаменского 46', '10:00', '2021-05-01'),
       (12, 'egor', 'Кардамон', 'ул.Мира 28', '10:00', '2021-05-01'),
       (12, 'isa', 'Гастрономика', 'ул.Декабристов 11', '10:00', '2021-05-01'),
       (15, 'mila', 'Кардамон', 'ул.Мира 28', '10:00', '2021-05-01'),
       (15, 'adam', 'Гастрономика', 'ул.Декабристов 11', '10:00', '2021-05-01'),
       (11, 'eva', 'Гастрономика', 'ул.Декабристов 11', '10:00', '2021-05-01'),
       (13, 'vitaliy', 'Кардамон', 'ул.Мира 28', '10:00', '2021-05-01'),

       (19, 'elena', 'Кардамон', 'ул.Мира 28', '10:00', '2021-05-03'),
       (19, 'rita', 'Марк и Лев', 'ул.Ленина 25', '10:00', '2021-05-03'),
       (19, 'alex', 'Curry House', 'ул.Знаменского 46', '10:00', '2021-05-03'),
       (18, 'egor', 'Кардамон', 'ул.Мира 28', '10:00', '2021-05-03'),
       (18, 'isa', 'Гастрономика', 'ул.Декабристов 11', '10:00', '2021-05-03'),
       (17, 'mila', 'Кардамон', 'ул.Мира 28', '10:00', '2021-05-03'),
       (16, 'adam', 'Гастрономика', 'ул.Декабристов 11', '10:00', '2021-05-03'),
       (16, 'eva', 'Гастрономика', 'ул.Декабристов 11', '10:00', '2021-05-03'),
       (14, 'vitaliy', 'Кардамон', 'ул.Мира 28', '10:00', '2021-04-29'),

       (25, 'elena', 'Кардамон', 'ул.Мира 28', '10:00', '2021-05-04'),
       (23, 'rita', 'Марк и Лев', 'ул.Ленина 25', '10:00', '2021-05-04'),
       (22, 'alex', 'Curry House', 'ул.Знаменского 46', '10:00', '2021-05-04'),
       (21, 'egor', 'Кардамон', 'ул.Мира 28', '10:00', '2021-05-04'),
       (21, 'isa', 'Гастрономика', 'ул.Декабристов 11', '10:00', '2021-05-04'),
       (21, 'mila', 'Кардамон', 'ул.Мира 28', '10:00', '2021-05-04'),
       (22, 'adam', 'Гастрономика', 'ул.Декабристов 11', '10:00', '2021-05-04'),
       (22, 'eva', 'Гастрономика', 'ул.Декабристов 11', '10:00', '2021-05-04'),
       (23, 'vitaliy', 'Кардамон', 'ул.Мира 28', '10:00', '2021-05-04');

